Pathway,Subpathway,shared,KO,name,,,,,,,,,,,,,,,,,,,,,,,,,,,,,,,,,,,,,,,,,,,,,,,,,,,,,,,,,,,,,,,,
aromatic compound degradation,shared,,k15760,"tmoA, tbuA1, touA; toluene monooxygenase system protein A [EC:1.14.13.236 1.14.13.-]",,,,,,,,,,,,,,,,,,,,,,,,,,,,,,,,,,,,,,,,,,,,,,,,,,,,,,,,,,,,,,,,
aromatic compound degradation,shared,,k15761,"tmoB, tbuU, touB; toluene monooxygenase system protein B [EC:1.14.13.236 1.14.13.-]",,,,,,,,,,,,,,,,,,,,,,,,,,,,,,,,,,,,,,,,,,,,,,,,,,,,,,,,,,,,,,,,
aromatic compound degradation,shared,,k15762,"tmoC, tbuB, touC; toluene monooxygenase system ferredoxin subunit",,,,,,,,,,,,,,,,,,,,,,,,,,,,,,,,,,,,,,,,,,,,,,,,,,,,,,,,,,,,,,,,
aromatic compound degradation,shared,,k15763,"tmoD, tbuV, touD; toluene monooxygenase system protein D [EC:1.14.13.236 1.14.13.-]",,,,,,,,,,,,,,,,,,,,,,,,,,,,,,,,,,,,,,,,,,,,,,,,,,,,,,,,,,,,,,,,
aromatic compound degradation,shared,,k15764,"tmoE, tbuA2, touE; toluene monooxygenase system protein E [EC:1.14.13.236 1.14.13.-]",,,,,,,,,,,,,,,,,,,,,,,,,,,,,,,,,,,,,,,,,,,,,,,,,,,,,,,,,,,,,,,,
aromatic compound degradation,shared,,k15765,"tmoF, tbuC, touF; toluene monooxygenase electron transfer component [EC:1.18.1.3]",,,,,,,,,,,,,,,,,,,,,,,,,,,,,,,,,,,,,,,,,,,,,,,,,,,,,,,,,,,,,,,,
aromatic compound degradation,rm003 - methyl to carboxyl conversion in aromatic ring,,k15757,xylM; toluene methyl-monooxygenase [EC:1.14.15.26],,,,,,,,,,,,,,,,,,,,,,,,,,,,,,,,,,,,,,,,,,,,,,,,,,,,,,,,,,,,,,,,
aromatic compound degradation,rm003 - methyl to carboxyl conversion in aromatic ring,,k15758,xylA; toluene methyl-monooxygenase electron transfer component [EC:1.18.1.3],,,,,,,,,,,,,,,,,,,,,,,,,,,,,,,,,,,,,,,,,,,,,,,,,,,,,,,,,,,,,,,,
aromatic compound degradation,rm003 - methyl to carboxyl conversion in aromatic ring,,k00141,xylC; benzaldehyde dehydrogenase (NAD) [EC:1.2.1.28],,,,,,,,,,,,,,,,,,,,,,,,,,,,,,,,,,,,,,,,,,,,,,,,,,,,,,,,,,,,,,,,
aromatic compound degradation,rm003 - methyl to carboxyl conversion in aromatic ring,,k10616,cymAa; p-cymene methyl-monooxygenase [EC:1.14.15.25],,,,,,,,,,,,,,,,,,,,,,,,,,,,,,,,,,,,,,,,,,,,,,,,,,,,,,,,,,,,,,,,
aromatic compound degradation,rm003 - methyl to carboxyl conversion in aromatic ring,,k10617,cymB; p-cumic alcohol dehydrogenase,,,,,,,,,,,,,,,,,,,,,,,,,,,,,,,,,,,,,,,,,,,,,,,,,,,,,,,,,,,,,,,,
aromatic compound degradation,rm003 - methyl to carboxyl conversion in aromatic ring,,k10618,cymC; p-cumic aldehyde dehydrogenase,,,,,,,,,,,,,,,,,,,,,,,,,,,,,,,,,,,,,,,,,,,,,,,,,,,,,,,,,,,,,,,,
aromatic compound degradation,rm003 - methyl to carboxyl conversion in aromatic ring,,k18293,cymAb; p-cymene methyl-monooxygenase electron transfer component [EC:1.18.1.3],,,,,,,,,,,,,,,,,,,,,,,,,,,,,,,,,,,,,,,,,,,,,,,,,,,,,,,,,,,,,,,,
aromatic compound degradation,rm003 - methyl to carboxyl conversion in aromatic ring,,k15768,tsaM; p-toluenesulfonate methyl-monooxygenase oxygenase component TsaM [EC:1.14.13.-],,,,,,,,,,,,,,,,,,,,,,,,,,,,,,,,,,,,,,,,,,,,,,,,,,,,,,,,,,,,,,,,
aromatic compound degradation,rm003 - methyl to carboxyl conversion in aromatic ring,,k13953,"adhP; alcohol dehydrogenase, propanol-preferring [EC:1.1.1.1]",,,,,,,,,,,,,,,,,,,,,,,,,,,,,,,,,,,,,,,,,,,,,,,,,,,,,,,,,,,,,,,,
aromatic compound degradation,rm003 - methyl to carboxyl conversion in aromatic ring,,k13954,yiaY; alcohol dehydrogenase [EC:1.1.1.1],,,,,,,,,,,,,,,,,,,,,,,,,,,,,,,,,,,,,,,,,,,,,,,,,,,,,,,,,,,,,,,,
aromatic compound degradation,rm003 - methyl to carboxyl conversion in aromatic ring,,k00001,"E1.1.1.1, adh; alcohol dehydrogenase [EC:1.1.1.1]",,,,,,,,,,,,,,,,,,,,,,,,,,,,,,,,,,,,,,,,,,,,,,,,,,,,,,,,,,,,,,,,
aromatic compound degradation,rm003 - methyl to carboxyl conversion in aromatic ring,,k00121,"frmA, ADH5, adhC; S-(hydroxymethyl)glutathione dehydrogenase / alcohol dehydrogenase [EC:1.1.1.284 1.1.1.1]",,,,,,,,,,,,,,,,,,,,,,,,,,,,,,,,,,,,,,,,,,,,,,,,,,,,,,,,,,,,,,,,
aromatic compound degradation,rm003 - methyl to carboxyl conversion in aromatic ring,,k04072,adhE; acetaldehyde dehydrogenase / alcohol dehydrogenase [EC:1.2.1.10 1.1.1.1],,,,,,,,,,,,,,,,,,,,,,,,,,,,,,,,,,,,,,,,,,,,,,,,,,,,,,,,,,,,,,,,
aromatic compound degradation,rm015 - methyl to carboxyl conversion in aromatic ring - anaerobic,,k07540,E4.1.99.11; benzylsuccinate synthase [EC:4.1.99.11],,,,,,,,,,,,,,,,,,,,,,,,,,,,,,,,,,,,,,,,,,,,,,,,,,,,,,,,,,,,,,,,
aromatic compound degradation,rm015 - methyl to carboxyl conversion in aromatic ring - anaerobic,,k07543,bbsE; benzylsuccinate CoA-transferase BbsE subunit [EC:2.8.3.15],,,,,,,,,,,,,,,,,,,,,,,,,,,,,,,,,,,,,,,,,,,,,,,,,,,,,,,,,,,,,,,,
aromatic compound degradation,rm015 - methyl to carboxyl conversion in aromatic ring - anaerobic,,k07544,bbsF; benzylsuccinate CoA-transferase BbsF subunit [EC:2.8.3.15],,,,,,,,,,,,,,,,,,,,,,,,,,,,,,,,,,,,,,,,,,,,,,,,,,,,,,,,,,,,,,,,
aromatic compound degradation,rm015 - methyl to carboxyl conversion in aromatic ring - anaerobic,,k07545,bbsG; (R)-benzylsuccinyl-CoA dehydrogenase [EC:1.3.8.3],,,,,,,,,,,,,,,,,,,,,,,,,,,,,,,,,,,,,,,,,,,,,,,,,,,,,,,,,,,,,,,,
aromatic compound degradation,rm015 - methyl to carboxyl conversion in aromatic ring - anaerobic,,k07546,bbsH; E-phenylitaconyl-CoA hydratase [EC:4.2.1.-],,,,,,,,,,,,,,,,,,,,,,,,,,,,,,,,,,,,,,,,,,,,,,,,,,,,,,,,,,,,,,,,
aromatic compound degradation,rm015 - methyl to carboxyl conversion in aromatic ring - anaerobic,,k07547,bbsC; 2-[hydroxy(phenyl)methyl]-succinyl-CoA dehydrogenase BbsC subunit [EC:1.1.1.35],,,,,,,,,,,,,,,,,,,,,,,,,,,,,,,,,,,,,,,,,,,,,,,,,,,,,,,,,,,,,,,,
aromatic compound degradation,rm015 - methyl to carboxyl conversion in aromatic ring - anaerobic,,k07548,bbsD; 2-[hydroxy(phenyl)methyl]-succinyl-CoA dehydrogenase BbsD subunit [EC:1.1.1.35],,,,,,,,,,,,,,,,,,,,,,,,,,,,,,,,,,,,,,,,,,,,,,,,,,,,,,,,,,,,,,,,
aromatic compound degradation,rm015 - methyl to carboxyl conversion in aromatic ring - anaerobic,,k07549,bbsA; benzoylsuccinyl-CoA thiolase BbsA subunit [EC:2.3.1.-],,,,,,,,,,,,,,,,,,,,,,,,,,,,,,,,,,,,,,,,,,,,,,,,,,,,,,,,,,,,,,,,
aromatic compound degradation,rm015 - methyl to carboxyl conversion in aromatic ring - anaerobic,,k07550,bbsB; benzoylsuccinyl-CoA thiolase BbsB subunit [EC:2.3.1.-],,,,,,,,,,,,,,,,,,,,,,,,,,,,,,,,,,,,,,,,,,,,,,,,,,,,,,,,,,,,,,,,
aromatic compound degradation,rm015 - methyl to carboxyl conversion in aromatic ring - anaerobic,,k01670,nmsA; naphthyl-2-methylsuccinate synthase alpha subunit [EC:4.1.99.-],,,,,,,,,,,,,,,,,,,,,,,,,,,,,,,,,,,,,,,,,,,,,,,,,,,,,,,,,,,,,,,,
aromatic compound degradation,rm015 - methyl to carboxyl conversion in aromatic ring - anaerobic,,k15567,nmsB; naphthyl-2-methylsuccinate synthase beta subunit [EC:4.1.99.-],,,,,,,,,,,,,,,,,,,,,,,,,,,,,,,,,,,,,,,,,,,,,,,,,,,,,,,,,,,,,,,,
aromatic compound degradation,rm015 - methyl to carboxyl conversion in aromatic ring - anaerobic,,k15568,nmsC; naphthyl-2-methylsuccinate synthase gamma subunit [EC:4.1.99.-],,,,,,,,,,,,,,,,,,,,,,,,,,,,,,,,,,,,,,,,,,,,,,,,,,,,,,,,,,,,,,,,
aromatic compound degradation,rm015 - methyl to carboxyl conversion in aromatic ring - anaerobic,,k15569,bnsE; naphthyl-2-methylsuccinate CoA transferase subunit [EC:2.8.3.-],,,,,,,,,,,,,,,,,,,,,,,,,,,,,,,,,,,,,,,,,,,,,,,,,,,,,,,,,,,,,,,,
aromatic compound degradation,rm015 - methyl to carboxyl conversion in aromatic ring - anaerobic,,k15570,bnsF; naphthyl-2-methylsuccinate CoA transferase subunit [EC:2.8.3.-],,,,,,,,,,,,,,,,,,,,,,,,,,,,,,,,,,,,,,,,,,,,,,,,,,,,,,,,,,,,,,,,
aromatic compound degradation,rm015 - methyl to carboxyl conversion in aromatic ring - anaerobic,,k15571,bnsG; naphthyl-2-methylsuccinyl-CoA dehydrogenase [EC:1.3.99.-],,,,,,,,,,,,,,,,,,,,,,,,,,,,,,,,,,,,,,,,,,,,,,,,,,,,,,,,,,,,,,,,
aromatic compound degradation,rm015 - methyl to carboxyl conversion in aromatic ring - anaerobic,,k15572,bnsH; naphthyl-2-hydroxymethylsuccinyl-CoA hydratase [EC:4.2.1.-],,,,,,,,,,,,,,,,,,,,,,,,,,,,,,,,,,,,,,,,,,,,,,,,,,,,,,,,,,,,,,,,
aromatic compound degradation,rm015 - methyl to carboxyl conversion in aromatic ring - anaerobic,,k15573,bnsC; naphthyl-2-hydroxymethylsuccinyl-CoA dehydrogenase BnsC subunit [EC:1.1.-.-],,,,,,,,,,,,,,,,,,,,,,,,,,,,,,,,,,,,,,,,,,,,,,,,,,,,,,,,,,,,,,,,
aromatic compound degradation,rm015 - methyl to carboxyl conversion in aromatic ring - anaerobic,,k15574,bnsA; naphthyl-2-oxomethyl-succinyl-CoA thiolase subunit [EC:2.3.1.-],,,,,,,,,,,,,,,,,,,,,,,,,,,,,,,,,,,,,,,,,,,,,,,,,,,,,,,,,,,,,,,,
aromatic compound degradation,rm015 - methyl to carboxyl conversion in aromatic ring - anaerobic,,k15575,bnsB; naphthyl-2-oxomethyl-succinyl-CoA thiolase subunit [EC:2.3.1.-],,,,,,,,,,,,,,,,,,,,,,,,,,,,,,,,,,,,,,,,,,,,,,,,,,,,,,,,,,,,,,,,
aromatic compound degradation,rm015 - methyl to carboxyl conversion in aromatic ring - anaerobic,,k19958,bnsD; naphthyl-2-hydroxymethylsuccinyl-CoA dehydrogenase BnsD subunit [EC:1.1.-.-],,,,,,,,,,,,,,,,,,,,,,,,,,,,,,,,,,,,,,,,,,,,,,,,,,,,,,,,,,,,,,,,
aromatic compound degradation,shared,,k10619,"cmtAb; p-cumate 2,3-dioxygenase subunit alpha [EC:1.14.12.25]",,,,,,,,,,,,,,,,,,,,,,,,,,,,,,,,,,,,,,,,,,,,,,,,,,,,,,,,,,,,,,,,
aromatic compound degradation,shared,,k16303,"cmtAc; p-cumate 2,3-dioxygenase subunit beta [EC:1.14.12.25]",,,,,,,,,,,,,,,,,,,,,,,,,,,,,,,,,,,,,,,,,,,,,,,,,,,,,,,,,,,,,,,,
aromatic compound degradation,shared,,k16304,"cmtAd; p-cumate 2,3-dioxygenase ferredoxin component",,,,,,,,,,,,,,,,,,,,,,,,,,,,,,,,,,,,,,,,,,,,,,,,,,,,,,,,,,,,,,,,
aromatic compound degradation,shared,,k18227,"cmtAa; p-cumate 2,3-dioxygenase ferredoxin reductase component [EC:1.18.1.3]",,,,,,,,,,,,,,,,,,,,,,,,,,,,,,,,,,,,,,,,,,,,,,,,,,,,,,,,,,,,,,,,
aromatic compound degradation,shared,,k10620,"cmtB; 2,3-dihydroxy-2,3-dihydro-p-cumate dehydrogenase [EC:1.3.1.58]",,,,,,,,,,,,,,,,,,,,,,,,,,,,,,,,,,,,,,,,,,,,,,,,,,,,,,,,,,,,,,,,
aromatic compound degradation,shared,,k03268,"todC1, bedC1, tcbAa; benzene/toluene/chlorobenzene dioxygenase subunit alpha [EC:1.14.12.3 1.14.12.11 1.14.12.26]",,,,,,,,,,,,,,,,,,,,,,,,,,,,,,,,,,,,,,,,,,,,,,,,,,,,,,,,,,,,,,,,
aromatic compound degradation,shared,,k16268,"todC2, bedC2, tcbAb; benzene/toluene/chlorobenzene dioxygenase subunit beta [EC:1.14.12.3 1.14.12.11 1.14.12.26]",,,,,,,,,,,,,,,,,,,,,,,,,,,,,,,,,,,,,,,,,,,,,,,,,,,,,,,,,,,,,,,,
aromatic compound degradation,shared,,k18089,"todB, tcbAc; benzene/toluene/chlorobenzene dioxygenase ferredoxin component",,,,,,,,,,,,,,,,,,,,,,,,,,,,,,,,,,,,,,,,,,,,,,,,,,,,,,,,,,,,,,,,
aromatic compound degradation,shared,,k18090,"todA, tcbAd; benzene/toluene/chlorobenzene dioxygenase ferredoxin reductase component [EC:1.18.1.3 1.18.1.-]",,,,,,,,,,,,,,,,,,,,,,,,,,,,,,,,,,,,,,,,,,,,,,,,,,,,,,,,,,,,,,,,
aromatic compound degradation,shared,,k16269,"todD, tcbB; cis-1,2-dihydrobenzene-1,2-diol/chlorobenzene dihydrodiol dehydrogenase [EC:1.3.1.19 1.3.1.119]",,,,,,,,,,,,,,,,,,,,,,,,,,,,,,,,,,,,,,,,,,,,,,,,,,,,,,,,,,,,,,,,
aromatic compound degradation,"rm004 - Dihydroxylation of aromatic ring, type 1 (dioxygenase and dehydrogenase reactions) ",,k18068,"pht3; phthalate 4,5-dioxygenase [EC:1.14.12.7]",,,,,,,,,,,,,,,,,,,,,,,,,,,,,,,,,,,,,,,,,,,,,,,,,,,,,,,,,,,,,,,,
aromatic compound degradation,"rm004 - Dihydroxylation of aromatic ring, type 1 (dioxygenase and dehydrogenase reactions) ",,k18069,"pht2; phthalate 4,5-dioxygenase reductase component [EC:1.18.1.-]",,,,,,,,,,,,,,,,,,,,,,,,,,,,,,,,,,,,,,,,,,,,,,,,,,,,,,,,,,,,,,,,
aromatic compound degradation,"rm004 - Dihydroxylation of aromatic ring, type 1 (dioxygenase and dehydrogenase reactions) ",,k18067,"pht4; phthalate 4,5-cis-dihydrodiol dehydrogenase [EC:1.3.1.64]",,,,,,,,,,,,,,,,,,,,,,,,,,,,,,,,,,,,,,,,,,,,,,,,,,,,,,,,,,,,,,,,
aromatic compound degradation,"rm004 - Dihydroxylation of aromatic ring, type 1 (dioxygenase and dehydrogenase reactions) ",,k18251,"phtAa; phthalate 3,4-dioxygenase subunit alpha [EC:1.14.12.-]",,,,,,,,,,,,,,,,,,,,,,,,,,,,,,,,,,,,,,,,,,,,,,,,,,,,,,,,,,,,,,,,
aromatic compound degradation,"rm004 - Dihydroxylation of aromatic ring, type 1 (dioxygenase and dehydrogenase reactions) ",,k18252,"phtAb; phthalate 3,4-dioxygenase subunit beta [EC:1.14.12.-]",,,,,,,,,,,,,,,,,,,,,,,,,,,,,,,,,,,,,,,,,,,,,,,,,,,,,,,,,,,,,,,,
aromatic compound degradation,"rm004 - Dihydroxylation of aromatic ring, type 1 (dioxygenase and dehydrogenase reactions) ",,k18253,"phtAc; phthalate 3,4-dioxygenase ferredoxin component",,,,,,,,,,,,,,,,,,,,,,,,,,,,,,,,,,,,,,,,,,,,,,,,,,,,,,,,,,,,,,,,
aromatic compound degradation,"rm004 - Dihydroxylation of aromatic ring, type 1 (dioxygenase and dehydrogenase reactions) ",,k18254,"phtAd; phthalate 3,4-dioxygenase ferredoxin reductase component [EC:1.18.1.3]",,,,,,,,,,,,,,,,,,,,,,,,,,,,,,,,,,,,,,,,,,,,,,,,,,,,,,,,,,,,,,,,
aromatic compound degradation,"rm004 - Dihydroxylation of aromatic ring, type 1 (dioxygenase and dehydrogenase reactions) ",,k18255,"phtB; phthalate 3,4-cis-dihydrodiol dehydrogenase [EC:1.3.1.-]",,,,,,,,,,,,,,,,,,,,,,,,,,,,,,,,,,,,,,,,,,,,,,,,,,,,,,,,,,,,,,,,
aromatic compound degradation,shared,,k14748,etbAa; ethylbenzene dioxygenase subunit alpha [EC:1.14.12.-],,,,,,,,,,,,,,,,,,,,,,,,,,,,,,,,,,,,,,,,,,,,,,,,,,,,,,,,,,,,,,,,
aromatic compound degradation,shared,,k14749,etbAb; ethylbenzene dioxygenase subunit beta [EC:1.14.12.-],,,,,,,,,,,,,,,,,,,,,,,,,,,,,,,,,,,,,,,,,,,,,,,,,,,,,,,,,,,,,,,,
aromatic compound degradation,shared,,k14750,etbAc; ethylbenzene dioxygenase ferredoxin component,,,,,,,,,,,,,,,,,,,,,,,,,,,,,,,,,,,,,,,,,,,,,,,,,,,,,,,,,,,,,,,,
aromatic compound degradation,shared,,k05708,"hcaE, hcaA1; 3-phenylpropionate/trans-cinnamate dioxygenase subunit alpha [EC:1.14.12.19]",,,,,,,,,,,,,,,,,,,,,,,,,,,,,,,,,,,,,,,,,,,,,,,,,,,,,,,,,,,,,,,,
aromatic compound degradation,shared,,k05709,"hcaF, hcaA2; 3-phenylpropionate/trans-cinnamate dioxygenase subunit beta [EC:1.14.12.19]",,,,,,,,,,,,,,,,,,,,,,,,,,,,,,,,,,,,,,,,,,,,,,,,,,,,,,,,,,,,,,,,
aromatic compound degradation,shared,,k05710,hcaC; 3-phenylpropionate/trans-cinnamate dioxygenase ferredoxin component,,,,,,,,,,,,,,,,,,,,,,,,,,,,,,,,,,,,,,,,,,,,,,,,,,,,,,,,,,,,,,,,
aromatic compound degradation,shared,,k05711,"hcaB; 2,3-dihydroxy-2,3-dihydrophenylpropionate dehydrogenase [EC:1.3.1.87]",,,,,,,,,,,,,,,,,,,,,,,,,,,,,,,,,,,,,,,,,,,,,,,,,,,,,,,,,,,,,,,,
aromatic compound degradation,shared,,k00529,hcaD; 3-phenylpropionate/trans-cinnamate dioxygenase ferredoxin reductase component [EC:1.18.1.3],,,,,,,,,,,,,,,,,,,,,,,,,,,,,,,,,,,,,,,,,,,,,,,,,,,,,,,,,,,,,,,,
aromatic compound degradation,shared,,k08689,"bphAa, bphA1, bphA; biphenyl 2,3-dioxygenase subunit alpha [EC:1.14.12.18]",,,,,,,,,,,,,,,,,,,,,,,,,,,,,,,,,,,,,,,,,,,,,,,,,,,,,,,,,,,,,,,,
aromatic compound degradation,shared,,k15750,"bphAb, bphA2, bphE; biphenyl 2,3-dioxygenase subunit beta [EC:1.14.12.18]",,,,,,,,,,,,,,,,,,,,,,,,,,,,,,,,,,,,,,,,,,,,,,,,,,,,,,,,,,,,,,,,
aromatic compound degradation,shared,,k18087,"bphAc, bphA3, bphF; biphenyl 2,3-dioxygenase ferredoxin component",,,,,,,,,,,,,,,,,,,,,,,,,,,,,,,,,,,,,,,,,,,,,,,,,,,,,,,,,,,,,,,,
aromatic compound degradation,shared,,k18088,"bphAd, bphA4, bphG; biphenyl 2,3-dioxygenase ferredoxin reductase component [EC:1.18.1.3]",,,,,,,,,,,,,,,,,,,,,,,,,,,,,,,,,,,,,,,,,,,,,,,,,,,,,,,,,,,,,,,,
aromatic compound degradation,shared,,k08690,"bphB; cis-2,3-dihydrobiphenyl-2,3-diol dehydrogenase [EC:1.3.1.56]",,,,,,,,,,,,,,,,,,,,,,,,,,,,,,,,,,,,,,,,,,,,,,,,,,,,,,,,,,,,,,,,
aromatic compound degradation,shared,,k22676,"bphB; cis-2,3-dihydrobiphenyl-2,3-diol/cis-2,3-dihydrodiol-DDE dehydrogenase [EC:1.3.1.-]",,,,,,,,,,,,,,,,,,,,,,,,,,,,,,,,,,,,,,,,,,,,,,,,,,,,,,,,,,,,,,,,
aromatic compound degradation,"rm005 - Dihydroxylation of aromatic ring, type 1a ((dioxygenase and decarboxylating dehydrogenase reactions)",,k05549,"benA-xylX; benzoate/toluate 1,2-dioxygenase subunit alpha [EC:1.14.12.10 1.14.12.-]",,,,,,,,,,,,,,,,,,,,,,,,,,,,,,,,,,,,,,,,,,,,,,,,,,,,,,,,,,,,,,,,
aromatic compound degradation,"rm005 - Dihydroxylation of aromatic ring, type 1a ((dioxygenase and decarboxylating dehydrogenase reactions)",,k05550,"benB-xylY; benzoate/toluate 1,2-dioxygenase subunit beta [EC:1.14.12.10 1.14.12.-]",,,,,,,,,,,,,,,,,,,,,,,,,,,,,,,,,,,,,,,,,,,,,,,,,,,,,,,,,,,,,,,,
aromatic compound degradation,"rm005 - Dihydroxylation of aromatic ring, type 1a ((dioxygenase and decarboxylating dehydrogenase reactions)",,k05784,"benC-xylZ; benzoate/toluate 1,2-dioxygenase reductase component [EC:1.18.1.-]",,,,,,,,,,,,,,,,,,,,,,,,,,,,,,,,,,,,,,,,,,,,,,,,,,,,,,,,,,,,,,,,
aromatic compound degradation,"rm005 - Dihydroxylation of aromatic ring, type 1a ((dioxygenase and decarboxylating dehydrogenase reactions)",,k05783,benD-xylL; dihydroxycyclohexadiene carboxylate dehydrogenase [EC:1.3.1.25 1.3.1.-],,,,,,,,,,,,,,,,,,,,,,,,,,,,,,,,,,,,,,,,,,,,,,,,,,,,,,,,,,,,,,,,
aromatic compound degradation,"rm005 - Dihydroxylation of aromatic ring, type 1a ((dioxygenase and decarboxylating dehydrogenase reactions)",,k18074,"tphA2; terephthalate 1,2-dioxygenase oxygenase component alpha subunit [EC:1.14.12.15]",,,,,,,,,,,,,,,,,,,,,,,,,,,,,,,,,,,,,,,,,,,,,,,,,,,,,,,,,,,,,,,,
aromatic compound degradation,"rm005 - Dihydroxylation of aromatic ring, type 1a ((dioxygenase and decarboxylating dehydrogenase reactions)",,k18075,"tphA3; terephthalate 1,2-dioxygenase oxygenase component beta subunit [EC:1.14.12.15]",,,,,,,,,,,,,,,,,,,,,,,,,,,,,,,,,,,,,,,,,,,,,,,,,,,,,,,,,,,,,,,,
aromatic compound degradation,"rm005 - Dihydroxylation of aromatic ring, type 1a ((dioxygenase and decarboxylating dehydrogenase reactions)",,k18076,"tphB; 1,2-dihydroxy-3,5-cyclohexadiene-1,4-dicarboxylate dehydrogenase [EC:1.3.1.53]",,,,,,,,,,,,,,,,,,,,,,,,,,,,,,,,,,,,,,,,,,,,,,,,,,,,,,,,,,,,,,,,
aromatic compound degradation,"rm005 - Dihydroxylation of aromatic ring, type 1a ((dioxygenase and decarboxylating dehydrogenase reactions)",,k18077,"tphA1; terephthalate 1,2-dioxygenase reductase component [EC:1.18.1.-]",,,,,,,,,,,,,,,,,,,,,,,,,,,,,,,,,,,,,,,,,,,,,,,,,,,,,,,,,,,,,,,,
aromatic compound degradation,shared,,k15751,"carAa; carbazole 1,9a-dioxygenase [EC:1.14.12.22]",,,,,,,,,,,,,,,,,,,,,,,,,,,,,,,,,,,,,,,,,,,,,,,,,,,,,,,,,,,,,,,,
aromatic compound degradation,shared,,k15752,"carAc; carbazole 1,9a-dioxygenase ferredoxin component",,,,,,,,,,,,,,,,,,,,,,,,,,,,,,,,,,,,,,,,,,,,,,,,,,,,,,,,,,,,,,,,
aromatic compound degradation,shared,,k15753,"carAd; carbazole 1,9a-dioxygenase ferredoxin reductase component",,,,,,,,,,,,,,,,,,,,,,,,,,,,,,,,,,,,,,,,,,,,,,,,,,,,,,,,,,,,,,,,
aromatic compound degradation,shared,,k14599,dbfA1; dibenzofuran dioxygenase subunit alpha [EC:1.14.12.-],,,,,,,,,,,,,,,,,,,,,,,,,,,,,,,,,,,,,,,,,,,,,,,,,,,,,,,,,,,,,,,,
aromatic compound degradation,shared,,k14600,dbfA2; dibenzofuran dioxygenase subunit beta [EC:1.14.12.-],,,,,,,,,,,,,,,,,,,,,,,,,,,,,,,,,,,,,,,,,,,,,,,,,,,,,,,,,,,,,,,,
aromatic compound degradation,shared,,k22715,dxnA1; dibenzofuran dioxygenase subunit alpha [EC:1.14.12.-],,,,,,,,,,,,,,,,,,,,,,,,,,,,,,,,,,,,,,,,,,,,,,,,,,,,,,,,,,,,,,,,
aromatic compound degradation,shared,,k22716,dxnA2; dibenzofuran dioxygenase subunit beta [EC:1.14.12.-],,,,,,,,,,,,,,,,,,,,,,,,,,,,,,,,,,,,,,,,,,,,,,,,,,,,,,,,,,,,,,,,
aromatic compound degradation,shared,,k14578,"nahAb, nagAb, ndoA, nbzAb, dntAb; naphthalene 1,2-dioxygenase ferredoxin component",,,,,,,,,,,,,,,,,,,,,,,,,,,,,,,,,,,,,,,,,,,,,,,,,,,,,,,,,,,,,,,,
aromatic compound degradation,shared,,k14579,"nahAc, ndoB, nbzAc, dntAc; naphthalene 1,2-dioxygenase subunit alpha [EC:1.14.12.12 1.14.12.23 1.14.12.24]",,,,,,,,,,,,,,,,,,,,,,,,,,,,,,,,,,,,,,,,,,,,,,,,,,,,,,,,,,,,,,,,
aromatic compound degradation,shared,,k14580,"nahAd, ndoC, nbzAd, dntAd; naphthalene 1,2-dioxygenase subunit beta [EC:1.14.12.12 1.14.12.23 1.14.12.24]",,,,,,,,,,,,,,,,,,,,,,,,,,,,,,,,,,,,,,,,,,,,,,,,,,,,,,,,,,,,,,,,
aromatic compound degradation,shared,,k14581,"nahAa, nagAa, ndoR, nbzAa, dntAa; naphthalene 1,2-dioxygenase ferredoxin reductase component [EC:1.18.1.7]",,,,,,,,,,,,,,,,,,,,,,,,,,,,,,,,,,,,,,,,,,,,,,,,,,,,,,,,,,,,,,,,
aromatic compound degradation,"rm902 -  Dihydroxylation of aromatic ring, type 1b (single dioxygenase reaction) ",,k08686,"cbdA; 2-halobenzoate 1,2-dioxygenase large subunit [EC:1.14.12.13]",,,,,,,,,,,,,,,,,,,,,,,,,,,,,,,,,,,,,,,,,,,,,,,,,,,,,,,,,,,,,,,,
aromatic compound degradation,"rm902 -  Dihydroxylation of aromatic ring, type 1b (single dioxygenase reaction) ",,k20808,"cbdB; 2-halobenzoate 1,2-dioxygenase small subunit [EC:1.14.12.13]",,,,,,,,,,,,,,,,,,,,,,,,,,,,,,,,,,,,,,,,,,,,,,,,,,,,,,,,,,,,,,,,
aromatic compound degradation,"rm902 -  Dihydroxylation of aromatic ring, type 1b (single dioxygenase reaction) ",,k20809,"cbdC; 2-halobenzoate 1,2-dioxygenase electron transfer component [EC:1.18.1.3]",,,,,,,,,,,,,,,,,,,,,,,,,,,,,,,,,,,,,,,,,,,,,,,,,,,,,,,,,,,,,,,,
aromatic compound degradation,shared,,k16242,"dmpN, poxD, tomA3; phenol/toluene 2-monooxygenase (NADH) P3/A3 [EC:1.14.13.244 1.14.13.243]",,,,,,,,,,,,,,,,,,,,,,,,,,,,,,,,,,,,,,,,,,,,,,,,,,,,,,,,,,,,,,,,
aromatic compound degradation,shared,,k16243,"dmpL, poxB, tomA1; phenol/toluene 2-monooxygenase (NADH) P1/A1 [EC:1.14.13.244 1.14.13.243]",,,,,,,,,,,,,,,,,,,,,,,,,,,,,,,,,,,,,,,,,,,,,,,,,,,,,,,,,,,,,,,,
aromatic compound degradation,shared,,k16244,"dmpM, poxC, tomA2; phenol/toluene 2-monooxygenase (NADH) P2/A2 [EC:1.14.13.244 1.14.13.243]",,,,,,,,,,,,,,,,,,,,,,,,,,,,,,,,,,,,,,,,,,,,,,,,,,,,,,,,,,,,,,,,
aromatic compound degradation,shared,,k16245,"dmpO, poxE, tomA4; phenol/toluene 2-monooxygenase (NADH) P4/A4 [EC:1.14.13.244 1.14.13.243]",,,,,,,,,,,,,,,,,,,,,,,,,,,,,,,,,,,,,,,,,,,,,,,,,,,,,,,,,,,,,,,,
aromatic compound degradation,shared,,k16246,"dmpP, poxF, tomA5; phenol/toluene 2-monooxygenase (NADH) P5/A5 [EC:1.14.13.244 1.14.13.243]",,,,,,,,,,,,,,,,,,,,,,,,,,,,,,,,,,,,,,,,,,,,,,,,,,,,,,,,,,,,,,,,
aromatic compound degradation,shared,,k16249,"dmpK, poxA, tomA0; phenol/toluene 2-monooxygenase (NADH) P0/A0",,,,,,,,,,,,,,,,,,,,,,,,,,,,,,,,,,,,,,,,,,,,,,,,,,,,,,,,,,,,,,,,
aromatic compound degradation,"rm006 - Dihydroxylation of aromatic ring, type 2 (two monooxygenase reactions) ",,k19065,mobA; 3-hydroxybenzoate 4-monooxygenase [EC:1.14.13.23],,,,,,,,,,,,,,,,,,,,,,,,,,,,,,,,,,,,,,,,,,,,,,,,,,,,,,,,,,,,,,,,
aromatic compound degradation,"rm006 - Dihydroxylation of aromatic ring, type 2 (two monooxygenase reactions) ",,k07824,CYP53A1; benzoate 4-monooxygenase [EC:1.14.14.92],,,,,,,,,,,,,,,,,,,,,,,,,,,,,,,,,,,,,,,,,,,,,,,,,,,,,,,,,,,,,,,,
aromatic compound degradation,shared,,k00481,pobA; p-hydroxybenzoate 3-monooxygenase [EC:1.14.13.2],,,,,,,,,,,,,,,,,,,,,,,,,,,,,,,,,,,,,,,,,,,,,,,,,,,,,,,,,,,,,,,,
aromatic compound degradation,"rm006 - Dihydroxylation of aromatic ring, type 2 (two monooxygenase reactions) ",,k00487,CYP73A; trans-cinnamate 4-monooxygenase [EC:1.14.14.91],,,,,,,,,,,,,,,,,,,,,,,,,,,,,,,,,,,,,,,,,,,,,,,,,,,,,,,,,,,,,,,,
aromatic compound degradation,"rm006 - Dihydroxylation of aromatic ring, type 2 (two monooxygenase reactions) ",,k05712,mhpA; 3-(3-hydroxy-phenyl)propionate hydroxylase [EC:1.14.13.127],,,,,,,,,,,,,,,,,,,,,,,,,,,,,,,,,,,,,,,,,,,,,,,,,,,,,,,,,,,,,,,,
aromatic compound degradation,"rm007 - Dihydroxylation of aromatic ring, type 3 (dealkylation and monooxygenase reactions) ",,k10676,"tfdB; 2,4-dichlorophenol 6-monooxygenase [EC:1.14.13.20]",,,,,,,,,,,,,,,,,,,,,,,,,,,,,,,,,,,,,,,,,,,,,,,,,,,,,,,,,,,,,,,,
aromatic compound degradation,"rm007 - Dihydroxylation of aromatic ring, type 3 (dealkylation and monooxygenase reactions) ",,k06912,"tfdA; alpha-ketoglutarate-dependent 2,4-dichlorophenoxyacetate dioxygenase [EC:1.14.11.-]",,,,,,,,,,,,,,,,,,,,,,,,,,,,,,,,,,,,,,,,,,,,,,,,,,,,,,,,,,,,,,,,
aromatic compound degradation,rm008 - Ortho-cleavage of dihydroxylated aromatic ring,,k03381,"catA; catechol 1,2-dioxygenase [EC:1.13.11.1]",,,,,,,,,,,,,,,,,,,,,,,,,,,,,,,,,,,,,,,,,,,,,,,,,,,,,,,,,,,,,,,,
aromatic compound degradation,rm008 - Ortho-cleavage of dihydroxylated aromatic ring,,k00448,"pcaG; protocatechuate 3,4-dioxygenase, alpha subunit [EC:1.13.11.3]",,,,,,,,,,,,,,,,,,,,,,,,,,,,,,,,,,,,,,,,,,,,,,,,,,,,,,,,,,,,,,,,
aromatic compound degradation,rm008 - Ortho-cleavage of dihydroxylated aromatic ring,,k00449,"pcaH; protocatechuate 3,4-dioxygenase, beta subunit [EC:1.13.11.3]",,,,,,,,,,,,,,,,,,,,,,,,,,,,,,,,,,,,,,,,,,,,,,,,,,,,,,,,,,,,,,,,
aromatic compound degradation,rm008 - Ortho-cleavage of dihydroxylated aromatic ring,,k01856,catB; muconate cycloisomerase [EC:5.5.1.1],,,,,,,,,,,,,,,,,,,,,,,,,,,,,,,,,,,,,,,,,,,,,,,,,,,,,,,,,,,,,,,,
aromatic compound degradation,rm008 - Ortho-cleavage of dihydroxylated aromatic ring,,k01857,"pcaB; 3-carboxy-cis,cis-muconate cycloisomerase [EC:5.5.1.2]",,,,,,,,,,,,,,,,,,,,,,,,,,,,,,,,,,,,,,,,,,,,,,,,,,,,,,,,,,,,,,,,
aromatic compound degradation,rm008 - Ortho-cleavage of dihydroxylated aromatic ring,,k03464,catC; muconolactone D-isomerase [EC:5.3.3.4],,,,,,,,,,,,,,,,,,,,,,,,,,,,,,,,,,,,,,,,,,,,,,,,,,,,,,,,,,,,,,,,
aromatic compound degradation,rm008 - Ortho-cleavage of dihydroxylated aromatic ring,,k01607,pcaC; 4-carboxymuconolactone decarboxylase [EC:4.1.1.44],,,,,,,,,,,,,,,,,,,,,,,,,,,,,,,,,,,,,,,,,,,,,,,,,,,,,,,,,,,,,,,,
aromatic compound degradation,rm008 - Ortho-cleavage of dihydroxylated aromatic ring,,k14727,pcaL; 3-oxoadipate enol-lactonase / 4-carboxymuconolactone decarboxylase [EC:3.1.1.24 4.1.1.44],,,,,,,,,,,,,,,,,,,,,,,,,,,,,,,,,,,,,,,,,,,,,,,,,,,,,,,,,,,,,,,,
aromatic compound degradation,rm008 - Ortho-cleavage of dihydroxylated aromatic ring,,k01055,pcaD; 3-oxoadipate enol-lactonase [EC:3.1.1.24],,,,,,,,,,,,,,,,,,,,,,,,,,,,,,,,,,,,,,,,,,,,,,,,,,,,,,,,,,,,,,,,
aromatic compound degradation,shared,,k00446,"dmpB, xylE; catechol 2,3-dioxygenase [EC:1.13.11.2]",,,,,,,,,,,,,,,,,,,,,,,,,,,,,,,,,,,,,,,,,,,,,,,,,,,,,,,,,,,,,,,,
aromatic compound degradation,shared,,k07104,"catE; catechol 2,3-dioxygenase [EC:1.13.11.2]",,,,,,,,,,,,,,,,,,,,,,,,,,,,,,,,,,,,,,,,,,,,,,,,,,,,,,,,,,,,,,,,
aromatic compound degradation,rm009 - Meta-cleavage of dihydroxylated aromatic ring,,k10217,"dmpC, xylG, praB; aminomuconate-semialdehyde/2-hydroxymuconate-6-semialdehyde dehydrogenase [EC:1.2.1.32 1.2.1.85]",,,,,,,,,,,,,,,,,,,,,,,,,,,,,,,,,,,,,,,,,,,,,,,,,,,,,,,,,,,,,,,,
aromatic compound degradation,rm009 - Meta-cleavage of dihydroxylated aromatic ring,,k01821,"praC, xylH; 4-oxalocrotonate tautomerase [EC:5.3.2.6]",,,,,,,,,,,,,,,,,,,,,,,,,,,,,,,,,,,,,,,,,,,,,,,,,,,,,,,,,,,,,,,,
aromatic compound degradation,rm009 - Meta-cleavage of dihydroxylated aromatic ring,,k01617,"dmpH, xylI, nahK; 2-oxo-3-hexenedioate decarboxylase [EC:4.1.1.77]",,,,,,,,,,,,,,,,,,,,,,,,,,,,,,,,,,,,,,,,,,,,,,,,,,,,,,,,,,,,,,,,
aromatic compound degradation,rm009 - Meta-cleavage of dihydroxylated aromatic ring,,k02554,mhpD; 2-keto-4-pentenoate hydratase [EC:4.2.1.80],,,,,,,,,,,,,,,,,,,,,,,,,,,,,,,,,,,,,,,,,,,,,,,,,,,,,,,,,,,,,,,,
aromatic compound degradation,rm009 - Meta-cleavage of dihydroxylated aromatic ring,,k18364,"bphH, xylJ, tesE; 2-oxopent-4-enoate/cis-2-oxohex-4-enoate hydratase [EC:4.2.1.80 4.2.1.132]",,,,,,,,,,,,,,,,,,,,,,,,,,,,,,,,,,,,,,,,,,,,,,,,,,,,,,,,,,,,,,,,
aromatic compound degradation,rm009 - Meta-cleavage of dihydroxylated aromatic ring,,k01666,mhpE; 4-hydroxy 2-oxovalerate aldolase [EC:4.1.3.39],,,,,,,,,,,,,,,,,,,,,,,,,,,,,,,,,,,,,,,,,,,,,,,,,,,,,,,,,,,,,,,,
aromatic compound degradation,rm009 - Meta-cleavage of dihydroxylated aromatic ring,,k18365,"bphI, xylK, nahM, tesG; 4-hydroxy-2-oxovalerate/4-hydroxy-2-oxohexanoate aldolase [EC:4.1.3.39 4.1.3.43]",,,,,,,,,,,,,,,,,,,,,,,,,,,,,,,,,,,,,,,,,,,,,,,,,,,,,,,,,,,,,,,,
aromatic compound degradation,rm013 - Ortho-cleavage of halogenated aromatic ring,,k15242,"pcpA; 2,6-dichloro-p-hydroquinone 1,2-dioxygenase [EC:1.13.11.-]",,,,,,,,,,,,,,,,,,,,,,,,,,,,,,,,,,,,,,,,,,,,,,,,,,,,,,,,,,,,,,,,
aromatic compound degradation,rm013 - Ortho-cleavage of halogenated aromatic ring,,k00217,E1.3.1.32; maleylacetate reductase [EC:1.3.1.32],,,,,,,,,,,,,,,,,,,,,,,,,,,,,,,,,,,,,,,,,,,,,,,,,,,,,,,,,,,,,,,,
aromatic compound degradation,"rm016 - Ring cleavage via beta oxidation, anaerobic ",,k07534,badK; cyclohex-1-ene-1-carboxyl-CoA hydratase [EC:4.2.1.-],,,,,,,,,,,,,,,,,,,,,,,,,,,,,,,,,,,,,,,,,,,,,,,,,,,,,,,,,,,,,,,,
aromatic compound degradation,"rm016 - Ring cleavage via beta oxidation, anaerobic ",,k07535,badH; 2-hydroxycyclohexanecarboxyl-CoA dehydrogenase [EC:1.1.1.-],,,,,,,,,,,,,,,,,,,,,,,,,,,,,,,,,,,,,,,,,,,,,,,,,,,,,,,,,,,,,,,,
aromatic compound degradation,"rm016 - Ring cleavage via beta oxidation, anaerobic ",,k07536,badI; 2-ketocyclohexanecarboxyl-CoA hydrolase [EC:3.1.2.-],,,,,,,,,,,,,,,,,,,,,,,,,,,,,,,,,,,,,,,,,,,,,,,,,,,,,,,,,,,,,,,,
aromatic compound degradation,rm017 - Ring cleavage via Baeyer-Villiger oxidation ,,k17754,cpnA; cyclopentanol dehydrogenase [EC:1.1.1.163],,,,,,,,,,,,,,,,,,,,,,,,,,,,,,,,,,,,,,,,,,,,,,,,,,,,,,,,,,,,,,,,
aromatic compound degradation,rm017 - Ring cleavage via Baeyer-Villiger oxidation ,,k19960,chnA; cyclohexanol dehydrogenase [EC:1.1.1.245],,,,,,,,,,,,,,,,,,,,,,,,,,,,,,,,,,,,,,,,,,,,,,,,,,,,,,,,,,,,,,,,
aromatic compound degradation,rm017 - Ring cleavage via Baeyer-Villiger oxidation ,,k03379,chnB; cyclohexanone monooxygenase [EC:1.14.13.22],,,,,,,,,,,,,,,,,,,,,,,,,,,,,,,,,,,,,,,,,,,,,,,,,,,,,,,,,,,,,,,,
aromatic compound degradation,rm017 - Ring cleavage via Baeyer-Villiger oxidation ,,k01053,"E3.1.1.17, gnl, RGN; gluconolactonase [EC:3.1.1.17]",,,,,,,,,,,,,,,,,,,,,,,,,,,,,,,,,,,,,,,,,,,,,,,,,,,,,,,,,,,,,,,,
aromatic compound degradation,rm017 - Ring cleavage via Baeyer-Villiger oxidation ,,k00002,"AKR1A1, adh; alcohol dehydrogenase (NADP+) [EC:1.1.1.2]",,,,,,,,,,,,,,,,,,,,,,,,,,,,,,,,,,,,,,,,,,,,,,,,,,,,,,,,,,,,,,,,
aromatic compound degradation,rm017 - Ring cleavage via Baeyer-Villiger oxidation ,,k19961,chnD; 6-hydroxyhexanoate dehydrogenase [EC:1.1.1.258],,,,,,,,,,,,,,,,,,,,,,,,,,,,,,,,,,,,,,,,,,,,,,,,,,,,,,,,,,,,,,,,
aromatic compound degradation,rm017 - Ring cleavage via Baeyer-Villiger oxidation ,,k14519,aldH; NADP-dependent aldehyde dehydrogenase [EC:1.2.1.4],,,,,,,,,,,,,,,,,,,,,,,,,,,,,,,,,,,,,,,,,,,,,,,,,,,,,,,,,,,,,,,,
aromatic compound degradation,rm017 - Ring cleavage via Baeyer-Villiger oxidation ,,k14731,"mlhB, chnC; epsilon-lactone hydrolase [EC:3.1.1.83]",,,,,,,,,,,,,,,,,,,,,,,,,,,,,,,,,,,,,,,,,,,,,,,,,,,,,,,,,,,,,,,,
aromatic compound degradation,"rm010 - Dihydroxylation and meta-cleavage of aromatic ring, type 6",,k00462,"bphC; biphenyl-2,3-diol 1,2-dioxygenase [EC:1.13.11.39]",,,,,,,,,,,,,,,,,,,,,,,,,,,,,,,,,,,,,,,,,,,,,,,,,,,,,,,,,,,,,,,,
aromatic compound degradation,"rm010 - Dihydroxylation and meta-cleavage of aromatic ring, type 7",,k10621,"cmtC, dhbA; 2,3-dihydroxy-p-cumate/2,3-dihydroxybenzoate 3,4-dioxygenase [EC:1.13.11.- 1.13.11.14]",,,,,,,,,,,,,,,,,,,,,,,,,,,,,,,,,,,,,,,,,,,,,,,,,,,,,,,,,,,,,,,,
aromatic compound degradation,"rm010 - Dihydroxylation and meta-cleavage of aromatic ring, type 8",,k10622,"cmtD, dhbB; HCOMODA/2-hydroxy-3-carboxy-muconic semialdehyde decarboxylase [EC:4.1.1.-]",,,,,,,,,,,,,,,,,,,,,,,,,,,,,,,,,,,,,,,,,,,,,,,,,,,,,,,,,,,,,,,,
aromatic compound degradation,"rm010 - Dihydroxylation and meta-cleavage of aromatic ring, type 9",,k10623,cmtE; HOMODA hydrolase [EC:3.7.1.-],,,,,,,,,,,,,,,,,,,,,,,,,,,,,,,,,,,,,,,,,,,,,,,,,,,,,,,,,,,,,,,,
aromatic compound degradation,"rm010 - Dihydroxylation and meta-cleavage of aromatic ring, type 13",,k16270,"todE; 3-methylcatechol 2,3-dioxygenase [EC:1.13.11.-]",,,,,,,,,,,,,,,,,,,,,,,,,,,,,,,,,,,,,,,,,,,,,,,,,,,,,,,,,,,,,,,,
aromatic compound degradation,"rm010 - Dihydroxylation and meta-cleavage of aromatic ring, type 16",,k18092,"etbD; 2-hydroxy-6-oxo-octa-2,4-dienoate hydrolase [EC:3.7.1.-]",,,,,,,,,,,,,,,,,,,,,,,,,,,,,,,,,,,,,,,,,,,,,,,,,,,,,,,,,,,,,,,,
aromatic compound degradation,shared,,k10216,"dmpD, xylF; 2-hydroxymuconate-semialdehyde hydrolase [EC:3.7.1.9]",,,,,,,,,,,,,,,,,,,,,,,,,,,,,,,,,,,,,,,,,,,,,,,,,,,,,,,,,,,,,,,,
aromatic compound degradation,"rm010 - Dihydroxylation and meta-cleavage of aromatic ring, type 20",,k10702,"todF; 2-hydroxy-6-oxohepta-2,4-dienoate hydrolase [EC:3.7.1.25]",,,,,,,,,,,,,,,,,,,,,,,,,,,,,,,,,,,,,,,,,,,,,,,,,,,,,,,,,,,,,,,,
aromatic compound degradation,"rm010 - Dihydroxylation and meta-cleavage of aromatic ring, type 24",,k14751,"etbC; 2,3-dihydroxyethylbenzene 1,2-dioxygenase [EC:1.13.11.-]",,,,,,,,,,,,,,,,,,,,,,,,,,,,,,,,,,,,,,,,,,,,,,,,,,,,,,,,,,,,,,,,
aromatic compound degradation,"rm010 - Dihydroxylation and meta-cleavage of aromatic ring, type 35",,k05713,"mhpB; 2,3-dihydroxyphenylpropionate 1,2-dioxygenase [EC:1.13.11.16]",,,,,,,,,,,,,,,,,,,,,,,,,,,,,,,,,,,,,,,,,,,,,,,,,,,,,,,,,,,,,,,,
aromatic compound degradation,"rm010 - Dihydroxylation and meta-cleavage of aromatic ring, type 36",,k05714,"mhpC; 2-hydroxy-6-oxonona-2,4-dienedioate hydrolase [EC:3.7.1.14]",,,,,,,,,,,,,,,,,,,,,,,,,,,,,,,,,,,,,,,,,,,,,,,,,,,,,,,,,,,,,,,,
aromatic compound degradation,"rm010 - Dihydroxylation and meta-cleavage of aromatic ring, type 37",,k10222,"bphD; 2,6-dioxo-6-phenylhexa-3-enoate hydrolase [EC:3.7.1.8]",,,,,,,,,,,,,,,,,,,,,,,,,,,,,,,,,,,,,,,,,,,,,,,,,,,,,,,,,,,,,,,,
aromatic compound degradation,"rm010 - Dihydroxylation and meta-cleavage of aromatic ring, type 39",,k22677,"bphD; 2,6-dioxo-6-phenylhexa-3-enoate/TCOA hydrolase [EC:3.7.1.-]",,,,,,,,,,,,,,,,,,,,,,,,,,,,,,,,,,,,,,,,,,,,,,,,,,,,,,,,,,,,,,,,
aromatic compound degradation,"rm011 - Dihydroxylation and meta-cleavage of aromatic ring, type 1b",,k15754,"carBa; 2'-aminobiphenyl-2,3-diol 1,2-dioxygenase, small subunit [EC:1.13.11.-]",,,,,,,,,,,,,,,,,,,,,,,,,,,,,,,,,,,,,,,,,,,,,,,,,,,,,,,,,,,,,,,,
aromatic compound degradation,"rm011 - Dihydroxylation and meta-cleavage of aromatic ring, type 1b",,k15755,"carBb; 2'-aminobiphenyl-2,3-diol 1,2-dioxygenase, large subunit [EC:1.13.11.-]",,,,,,,,,,,,,,,,,,,,,,,,,,,,,,,,,,,,,,,,,,,,,,,,,,,,,,,,,,,,,,,,
aromatic compound degradation,"rm011 - Dihydroxylation and meta-cleavage of aromatic ring, type 1b",,k15756,"carC; 2-hydroxy-6-oxo-6-(2'-aminophenyl)hexa-2,4-dienoate hydrolase [EC:3.7.1.13]",,,,,,,,,,,,,,,,,,,,,,,,,,,,,,,,,,,,,,,,,,,,,,,,,,,,,,,,,,,,,,,,
aromatic compound degradation,"rm011 - Dihydroxylation and meta-cleavage of aromatic ring, type 1b",,k22717,"dxnB; 2-hydroxy-6-oxo-6-(2-hydroxyphenoxy)-hexa-2,4-dienoate hydrolase [EC:3.7.1.-]",,,,,,,,,,,,,,,,,,,,,,,,,,,,,,,,,,,,,,,,,,,,,,,,,,,,,,,,,,,,,,,,
aromatic compound degradation,"rm011 - Dihydroxylation and meta-cleavage of aromatic ring, type 1b",,k15749,"dbfB; 2,2',3-trihydroxybiphenyl dioxygenase [EC:1.13.11.-]",,,,,,,,,,,,,,,,,,,,,,,,,,,,,,,,,,,,,,,,,,,,,,,,,,,,,,,,,,,,,,,,
aromatic compound degradation,"rm012 - Dihydroxylation and meta-cleavage of aromatic ring, type 3a",,k00483,hpaB; 4-hydroxyphenylacetate 3-monooxygenase [EC:1.14.14.9],,,,,,,,,,,,,,,,,,,,,,,,,,,,,,,,,,,,,,,,,,,,,,,,,,,,,,,,,,,,,,,,
aromatic compound degradation,"rm012 - Dihydroxylation and meta-cleavage of aromatic ring, type 3a",,k00484,hpaC; flavin reductase (NADH) [EC:1.5.1.36],,,,,,,,,,,,,,,,,,,,,,,,,,,,,,,,,,,,,,,,,,,,,,,,,,,,,,,,,,,,,,,,
aromatic compound degradation,"rm012 - Dihydroxylation and meta-cleavage of aromatic ring, type 3a",,k16901,K16901; anthranilate 3-monooxygenase (FAD) / 4-hydroxyphenylacetate 3-monooxygenase [EC:1.14.14.8 1.14.14.9],,,,,,,,,,,,,,,,,,,,,,,,,,,,,,,,,,,,,,,,,,,,,,,,,,,,,,,,,,,,,,,,
aromatic compound degradation,"rm012 - Dihydroxylation and meta-cleavage of aromatic ring, type 3a",,k00455,"hpaD, hpcB; 3,4-dihydroxyphenylacetate 2,3-dioxygenase [EC:1.13.11.15]",,,,,,,,,,,,,,,,,,,,,,,,,,,,,,,,,,,,,,,,,,,,,,,,,,,,,,,,,,,,,,,,
aromatic compound degradation,"rm012 - Dihydroxylation and meta-cleavage of aromatic ring, type 3a",,k00151,"hpaE, hpcC; 5-carboxymethyl-2-hydroxymuconic-semialdehyde dehydrogenase [EC:1.2.1.60]",,,,,,,,,,,,,,,,,,,,,,,,,,,,,,,,,,,,,,,,,,,,,,,,,,,,,,,,,,,,,,,,
aromatic compound degradation,"rm012 - Dihydroxylation and meta-cleavage of aromatic ring, type 3a",,k10219,ligC; 2-hydroxy-4-carboxymuconate semialdehyde hemiacetal dehydrogenase [EC:1.1.1.312],,,,,,,,,,,,,,,,,,,,,,,,,,,,,,,,,,,,,,,,,,,,,,,,,,,,,,,,,,,,,,,,
aromatic compound degradation,"rm012 - Dihydroxylation and meta-cleavage of aromatic ring, type 3a",,k01826,"hpaF, hpcD; 5-carboxymethyl-2-hydroxymuconate isomerase [EC:5.3.3.10]",,,,,,,,,,,,,,,,,,,,,,,,,,,,,,,,,,,,,,,,,,,,,,,,,,,,,,,,,,,,,,,,
aromatic compound degradation,"rm012 - Dihydroxylation and meta-cleavage of aromatic ring, type 3a",,k05921,"hpaG; 5-oxopent-3-ene-1,2,5-tricarboxylate decarboxylase / 2-hydroxyhepta-2,4-diene-1,7-dioate isomerase [EC:4.1.1.68 5.3.3.-]",,,,,,,,,,,,,,,,,,,,,,,,,,,,,,,,,,,,,,,,,,,,,,,,,,,,,,,,,,,,,,,,
aromatic compound degradation,rm014 - Ring removal from polycyclic aromatic ring,,k14582,"nahB, doxE; cis-1,2-dihydro-1,2-dihydroxynaphthalene/dibenzothiophene dihydrodiol dehydrogenase [EC:1.3.1.29 1.3.1.60]",,,,,,,,,,,,,,,,,,,,,,,,,,,,,,,,,,,,,,,,,,,,,,,,,,,,,,,,,,,,,,,,
aromatic compound degradation,rm014 - Ring removal from polycyclic aromatic ring,,k14583,"nahC; 1,2-dihydroxynaphthalene dioxygenase [EC:1.13.11.56]",,,,,,,,,,,,,,,,,,,,,,,,,,,,,,,,,,,,,,,,,,,,,,,,,,,,,,,,,,,,,,,,
aromatic compound degradation,rm014 - Ring removal from polycyclic aromatic ring,,k14584,nahD; 2-hydroxychromene-2-carboxylate isomerase [EC:5.99.1.4],,,,,,,,,,,,,,,,,,,,,,,,,,,,,,,,,,,,,,,,,,,,,,,,,,,,,,,,,,,,,,,,
aromatic compound degradation,rm014 - Ring removal from polycyclic aromatic ring,,k14585,nahE; trans-o-hydroxybenzylidenepyruvate hydratase-aldolase [EC:4.1.2.45],,,,,,,,,,,,,,,,,,,,,,,,,,,,,,,,,,,,,,,,,,,,,,,,,,,,,,,,,,,,,,,,
aromatic compound degradation,rm014 - Ring removal from polycyclic aromatic ring,,k11943,nidA; PAH dioxygenase large subunit [EC:1.13.11.-],,,,,,,,,,,,,,,,,,,,,,,,,,,,,,,,,,,,,,,,,,,,,,,,,,,,,,,,,,,,,,,,
aromatic compound degradation,rm014 - Ring removal from polycyclic aromatic ring,,k11944,nidB; PAH dioxygenase small subunit [EC:1.13.11.-],,,,,,,,,,,,,,,,,,,,,,,,,,,,,,,,,,,,,,,,,,,,,,,,,,,,,,,,,,,,,,,,
aromatic compound degradation,rm014 - Ring removal from polycyclic aromatic ring,,k18257,"phdE; cis-3,4-dihydrophenanthrene-3,4-diol dehydrogenase [EC:1.3.1.49]",,,,,,,,,,,,,,,,,,,,,,,,,,,,,,,,,,,,,,,,,,,,,,,,,,,,,,,,,,,,,,,,
aromatic compound degradation,rm014 - Ring removal from polycyclic aromatic ring,,k11945,phdF; extradiol dioxygenase [EC:1.13.11.-],,,,,,,,,,,,,,,,,,,,,,,,,,,,,,,,,,,,,,,,,,,,,,,,,,,,,,,,,,,,,,,,
aromatic compound degradation,rm014 - Ring removal from polycyclic aromatic ring,,k11946,phdG; hydratase-aldolase [EC:4.1.2.-],,,,,,,,,,,,,,,,,,,,,,,,,,,,,,,,,,,,,,,,,,,,,,,,,,,,,,,,,,,,,,,,
aromatic compound degradation,rm014 - Ring removal from polycyclic aromatic ring,,k11947,nidD; aldehyde dehydrogenase [EC:1.2.1.-],,,,,,,,,,,,,,,,,,,,,,,,,,,,,,,,,,,,,,,,,,,,,,,,,,,,,,,,,,,,,,,,
aromatic compound degradation,rm014 - Ring removal from polycyclic aromatic ring,,k00152,nahF; salicylaldehyde dehydrogenase [EC:1.2.1.65],,,,,,,,,,,,,,,,,,,,,,,,,,,,,,,,,,,,,,,,,,,,,,,,,,,,,,,,,,,,,,,,
aromatic compound degradation,rm014 - Ring removal from polycyclic aromatic ring,,k00480,E1.14.13.1; salicylate hydroxylase [EC:1.14.13.1],,,,,,,,,,,,,,,,,,,,,,,,,,,,,,,,,,,,,,,,,,,,,,,,,,,,,,,,,,,,,,,,
aromatic compound degradation,others,,k16049,"hsaC; 3,4-dihydroxy-9,10-secoandrosta-1,3,5(10)-triene-9,17-dione 4,5-dioxygenase [EC:1.13.11.25]",,,,,,,,,,,,,,,,,,,,,,,,,,,,,,,,,,,,,,,,,,,,,,,,,,,,,,,,,,,,,,,,
aromatic compound degradation,others,,k16050,"hsaD; 4,5:9,10-diseco-3-hydroxy-5,9,17-trioxoandrosta-1(10),2-diene-4-oate hydrolase [EC:3.7.1.17]",,,,,,,,,,,,,,,,,,,,,,,,,,,,,,,,,,,,,,,,,,,,,,,,,,,,,,,,,,,,,,,,
aromatic compound degradation,others,,k21317,bmoX; butane monooxygenase alpha subunit [EC:1.14.13.230],,,,,,,,,,,,,,,,,,,,,,,,,,,,,,,,,,,,,,,,,,,,,,,,,,,,,,,,,,,,,,,,
aromatic compound degradation,others,,k21318,bmoY; butane monooxygenase beta subunit [EC:1.14.13.230],,,,,,,,,,,,,,,,,,,,,,,,,,,,,,,,,,,,,,,,,,,,,,,,,,,,,,,,,,,,,,,,
aromatic compound degradation,others,,k21319,bmoZ; butane monooxygenase gamma subunit [EC:1.14.13.230],,,,,,,,,,,,,,,,,,,,,,,,,,,,,,,,,,,,,,,,,,,,,,,,,,,,,,,,,,,,,,,,
aromatic compound degradation,others,,k21320,bmoC; butane monooxygenase reductase,,,,,,,,,,,,,,,,,,,,,,,,,,,,,,,,,,,,,,,,,,,,,,,,,,,,,,,,,,,,,,,,
aromatic compound degradation,others,,k21321,bmoB; butane monooxygenase regulatory protein,,,,,,,,,,,,,,,,,,,,,,,,,,,,,,,,,,,,,,,,,,,,,,,,,,,,,,,,,,,,,,,,
aromatic compound degradation,others,,k21322,bmoD; butane monooxygenase hypothetical assembly protein,,,,,,,,,,,,,,,,,,,,,,,,,,,,,,,,,,,,,,,,,,,,,,,,,,,,,,,,,,,,,,,,
aromatic compound degradation,others,,k16157,mmoX; methane monooxygenase component A alpha chain [EC:1.14.13.25],,,,,,,,,,,,,,,,,,,,,,,,,,,,,,,,,,,,,,,,,,,,,,,,,,,,,,,,,,,,,,,,
aromatic compound degradation,others,,k16158,mmoY; methane monooxygenase component A beta chain [EC:1.14.13.25],,,,,,,,,,,,,,,,,,,,,,,,,,,,,,,,,,,,,,,,,,,,,,,,,,,,,,,,,,,,,,,,
aromatic compound degradation,others,,k16159,mmoZ; methane monooxygenase component A gamma chain [EC:1.14.13.25],,,,,,,,,,,,,,,,,,,,,,,,,,,,,,,,,,,,,,,,,,,,,,,,,,,,,,,,,,,,,,,,
aromatic compound degradation,others,,k16160,mmoB; methane monooxygenase regulatory protein B,,,,,,,,,,,,,,,,,,,,,,,,,,,,,,,,,,,,,,,,,,,,,,,,,,,,,,,,,,,,,,,,
aromatic compound degradation,others,,k16161,mmoC; methane monooxygenase component C [EC:1.14.13.25],,,,,,,,,,,,,,,,,,,,,,,,,,,,,,,,,,,,,,,,,,,,,,,,,,,,,,,,,,,,,,,,
aromatic compound degradation,others,,k16162,mmoD; methane monooxygenase component D,,,,,,,,,,,,,,,,,,,,,,,,,,,,,,,,,,,,,,,,,,,,,,,,,,,,,,,,,,,,,,,,
aromatic compound degradation,others,,k10700,ebdA; ethylbenzene hydroxylase subunit alpha [EC:1.17.99.2],,,,,,,,,,,,,,,,,,,,,,,,,,,,,,,,,,,,,,,,,,,,,,,,,,,,,,,,,,,,,,,,
aromatic compound degradation,others,,k10701,apc; acetophenone carboxylase [EC:6.4.1.8],,,,,,,,,,,,,,,,,,,,,,,,,,,,,,,,,,,,,,,,,,,,,,,,,,,,,,,,,,,,,,,,
aromatic compound degradation,others,,k17048,ebdB; ethylbenzene hydroxylase subunit beta,,,,,,,,,,,,,,,,,,,,,,,,,,,,,,,,,,,,,,,,,,,,,,,,,,,,,,,,,,,,,,,,
aromatic compound degradation,others,,k17049,ebdC; ethylbenzene hydroxylase subunit gamma,,,,,,,,,,,,,,,,,,,,,,,,,,,,,,,,,,,,,,,,,,,,,,,,,,,,,,,,,,,,,,,,
aromatic compound degradation,others,,k14746,ped; (S)-1-phenylethanol dehydrogenase [EC:1.1.1.311],,,,,,,,,,,,,,,,,,,,,,,,,,,,,,,,,,,,,,,,,,,,,,,,,,,,,,,,,,,,,,,,
aromatic compound degradation,others,,k14747,bal; benzoylacetate-CoA ligase [EC:6.2.1.-],,,,,,,,,,,,,,,,,,,,,,,,,,,,,,,,,,,,,,,,,,,,,,,,,,,,,,,,,,,,,,,,
aromatic compound degradation,others,,k04112,"bcrC, badD; benzoyl-CoA reductase subunit C [EC:1.3.7.8]",,,,,,,,,,,,,,,,,,,,,,,,,,,,,,,,,,,,,,,,,,,,,,,,,,,,,,,,,,,,,,,,
aromatic compound degradation,others,,k04113,"bcrB, badE; benzoyl-CoA reductase subunit B [EC:1.3.7.8]",,,,,,,,,,,,,,,,,,,,,,,,,,,,,,,,,,,,,,,,,,,,,,,,,,,,,,,,,,,,,,,,
aromatic compound degradation,others,,k04114,"bcrA, badF; benzoyl-CoA reductase subunit A [EC:1.3.7.8]",,,,,,,,,,,,,,,,,,,,,,,,,,,,,,,,,,,,,,,,,,,,,,,,,,,,,,,,,,,,,,,,
aromatic compound degradation,others,,k04115,"bcrD, badG; benzoyl-CoA reductase subunit D [EC:1.3.7.8]",,,,,,,,,,,,,,,,,,,,,,,,,,,,,,,,,,,,,,,,,,,,,,,,,,,,,,,,,,,,,,,,
aromatic compound degradation,others,,k01612,bsdC; vanillate/4-hydroxybenzoate decarboxylase subunit C [EC:4.1.1.- 4.1.1.61],,,,,,,,,,,,,,,,,,,,,,,,,,,,,,,,,,,,,,,,,,,,,,,,,,,,,,,,,,,,,,,,
aromatic compound degradation,others,,k21759,bsdD; vanillate/4-hydroxybenzoate decarboxylase subunit D [EC:4.1.1.- 4.1.1.61],,,,,,,,,,,,,,,,,,,,,,,,,,,,,,,,,,,,,,,,,,,,,,,,,,,,,,,,,,,,,,,,
aromatic compound degradation,others,,k03186,"ubiX, bsdB, PAD1; flavin prenyltransferase [EC:2.5.1.129]",,,,,,,,,,,,,,,,,,,,,,,,,,,,,,,,,,,,,,,,,,,,,,,,,,,,,,,,,,,,,,,,
aromatic compound degradation,others,,k04105,hbaA; 4-hydroxybenzoate-CoA ligase [EC:6.2.1.27 6.2.1.25],,,,,,,,,,,,,,,,,,,,,,,,,,,,,,,,,,,,,,,,,,,,,,,,,,,,,,,,,,,,,,,,
aromatic compound degradation,others,,k04107,"hcrC, hbaB; 4-hydroxybenzoyl-CoA reductase subunit gamma [EC:1.3.7.9]",,,,,,,,,,,,,,,,,,,,,,,,,,,,,,,,,,,,,,,,,,,,,,,,,,,,,,,,,,,,,,,,
aromatic compound degradation,others,,k04108,"hcrA, hbaC; 4-hydroxybenzoyl-CoA reductase subunit alpha [EC:1.3.7.9]",,,,,,,,,,,,,,,,,,,,,,,,,,,,,,,,,,,,,,,,,,,,,,,,,,,,,,,,,,,,,,,,
aromatic compound degradation,others,,k04109,"hcrB, hbaD; 4-hydroxybenzoyl-CoA reductase subunit beta [EC:1.3.7.9]",,,,,,,,,,,,,,,,,,,,,,,,,,,,,,,,,,,,,,,,,,,,,,,,,,,,,,,,,,,,,,,,
aromatic compound degradation,others,,k19515,bamB; benzoyl-CoA reductase subunit BamB [EC:1.3.-.-],,,,,,,,,,,,,,,,,,,,,,,,,,,,,,,,,,,,,,,,,,,,,,,,,,,,,,,,,,,,,,,,
aromatic compound degradation,others,,k19516,bamC; benzoyl-CoA reductase subunit BamC [EC:1.3.-.-],,,,,,,,,,,,,,,,,,,,,,,,,,,,,,,,,,,,,,,,,,,,,,,,,,,,,,,,,,,,,,,,
aromatic compound degradation,others,,k07537,"dch; cyclohexa-1,5-dienecarbonyl-CoA hydratase [EC:4.2.1.100]",,,,,,,,,,,,,,,,,,,,,,,,,,,,,,,,,,,,,,,,,,,,,,,,,,,,,,,,,,,,,,,,
aromatic compound degradation,others,,k07538,had; 6-hydroxycyclohex-1-ene-1-carbonyl-CoA dehydrogenase [EC:1.1.1.368],,,,,,,,,,,,,,,,,,,,,,,,,,,,,,,,,,,,,,,,,,,,,,,,,,,,,,,,,,,,,,,,
aromatic compound degradation,others,,k07539,oah; 6-oxocyclohex-1-ene-carbonyl-CoA hydrolase [EC:3.7.1.21],,,,,,,,,,,,,,,,,,,,,,,,,,,,,,,,,,,,,,,,,,,,,,,,,,,,,,,,,,,,,,,,
,,,,,,,,,,,,,,,,,,,,,,,,,,,,,,,,,,,,,,,,,,,,,,,,,,,,,,,,,,,,,,,,,,,,
,,,,,,,,,,,,,,,,,,,,,,,,,,,,,,,,,,,,,,,,,,,,,,,,,,,,,,,,,,,,,,,,,,,,
,,,,,,,,,,,,,,,,,,,,,,,,,,,,,,,,,,,,,,,,,,,,,,,,,,,,,,,,,,,,,,,,,,,,